{"cameraMode":{"drawMode":0,"name":"Shaded","section":"Shading Mode"},"sceneLighting":false,"audioPlay":false,"sceneViewState":{"showFog":true,"showMaterialUpdate":true,"showSkybox":true,"showFlares":true,"showImageEffects":true,"showParticleSystems":true},"in2DMode":false,"pivot":{"x":-88.76129150390625,"y":-58.110809326171878,"z":60.55876541137695},"rotation":{"x":-0.011110471561551094,"y":-0.005105569958686829,"z":0.00005670604878105223,"w":-0.9999252557754517},"size":1475.8048095703125,"orthographic":false}