{"cameraMode":{"drawMode":0,"name":"Shaded","section":"Shading Mode"},"sceneLighting":false,"audioPlay":false,"sceneViewState":{"showFog":true,"showMaterialUpdate":true,"showSkybox":true,"showFlares":true,"showImageEffects":true,"showParticleSystems":true},"in2DMode":false,"pivot":{"x":-0.0005499981343746185,"y":-0.10476715862751007,"z":-0.14635521173477174},"rotation":{"x":-0.07553427666425705,"y":-0.009576685726642609,"z":0.0007257845718413591,"w":-0.9970970153808594},"size":0.5235334038734436,"orthographic":false}