{"cameraMode":{"drawMode":0,"name":"Shaded","section":"Shading Mode"},"sceneLighting":false,"audioPlay":false,"sceneViewState":{"showFog":true,"showMaterialUpdate":true,"showSkybox":true,"showFlares":true,"showImageEffects":true,"showParticleSystems":true},"in2DMode":false,"pivot":{"x":1.6303598880767823,"y":-1.9028780460357667,"z":-1.8460261821746827},"rotation":{"x":-0.10772525519132614,"y":0.08251573145389557,"z":-0.008972322568297387,"w":-0.9907098412513733},"size":7.849145889282227,"orthographic":false}