{"cameraMode":{"drawMode":0,"name":"Shaded","section":"Shading Mode"},"sceneLighting":true,"audioPlay":false,"sceneViewState":{"showFog":true,"showMaterialUpdate":true,"showSkybox":true,"showFlares":true,"showImageEffects":true,"showParticleSystems":true},"in2DMode":false,"pivot":{"x":460.8999938964844,"y":171.999267578125,"z":0.0},"rotation":{"x":-0.011110471561551094,"y":-0.005105569958686829,"z":0.00005670604878105223,"w":-0.9999252557754517},"size":861.0303955078125,"orthographic":false}