{"cameraMode":{"drawMode":0,"name":"Shaded","section":"Shading Mode"},"sceneLighting":true,"audioPlay":false,"sceneViewState":{"showFog":true,"showMaterialUpdate":true,"showSkybox":true,"showFlares":true,"showImageEffects":true,"showParticleSystems":true},"in2DMode":false,"pivot":{"x":434.9442138671875,"y":-254.97726440429688,"z":-1.0307857990264893},"rotation":{"x":0.026996199041604997,"y":-0.005997698288410902,"z":-0.00016198032244574279,"w":-0.9996175765991211},"size":364.94671630859377,"orthographic":false}