{"cameraMode":{"drawMode":0,"name":"Shaded","section":"Shading Mode"},"sceneLighting":false,"audioPlay":false,"sceneViewState":{"showFog":true,"showMaterialUpdate":true,"showSkybox":true,"showFlares":true,"showImageEffects":true,"showParticleSystems":true},"in2DMode":false,"pivot":{"x":0.06732051074504852,"y":3.725290298461914e-9,"z":0.0},"rotation":{"x":-0.05423732474446297,"y":0.041024211794137958,"z":-0.0022303129080682995,"w":-0.997682511806488},"size":0.1971166580915451,"orthographic":false}