{"cameraMode":{"drawMode":0,"name":"Shaded","section":"Shading Mode"},"sceneLighting":false,"audioPlay":false,"sceneViewState":{"showFog":true,"showMaterialUpdate":true,"showSkybox":true,"showFlares":true,"showImageEffects":true,"showParticleSystems":true},"in2DMode":false,"pivot":{"x":0.00079345703125,"y":574.9998779296875,"z":3.1067999284317695e-9},"rotation":{"x":-0.09005260467529297,"y":0.05434723570942879,"z":-0.004921534098684788,"w":-0.9944409132003784},"size":1172.8006591796875,"orthographic":false}